<configuration>
  <timestamp key="byDay" datePattern="yyyyMMdd'T'HHmmss"/>

  <appender name="STDOUT" class="ch.qos.logback.core.ConsoleAppender">
    <filter class="ch.qos.logback.classic.filter.LevelFilter">
      <level>INFO</level>
      <onMatch>ACCEPT</onMatch>
      <onMismatch>DENY</onMismatch>
    </filter>
    <encoder>
      <pattern>%d{HH:mm:ss.SSS} [%thread] %-5level %logger{36} - %msg%n</pattern>
    </encoder>
  </appender>
  
  <appender name="FILE" class="ch.qos.logback.core.FileAppender">
    <file> C:\temp\log_Springboot_todo-${byDay}.txt </file>
    <append>true</append>
    <encoder>
      <pattern>%d{HH:mm:ss.SSS} [%thread] %-5level %logger{36} - %msg%n</pattern>
    </encoder>
  </appender>


  <!-- <appender name="FILE" class="ch.qos.logback.core.FileAppender">
    <file> C:\temp\log-${byDay}.txt </file>
    <append>true</append>
    <encoder>
      <pattern>%-4relative [%thread] %-5level %logger{35} - %msg%n</pattern>
    </encoder>
  </appender> -->

  <root level="debug">
    <appender-ref ref="FILE" />
    <appender-ref ref="STDOUT" />
  </root>

</configuration>